id	name	description	A	R	N	D	C	Q	E	G	H	I	L	K	M	F	P	S	T	W	Y	V
ANDN920101	alpha-CH chemical shifts (Andersen et al., 1992)	Peptide/protein structure analysis using the chemical shift index method: upfield alpha-CH values reveal dynamic helices and aL sites	4.35	4.38	4.75	4.76	4.65	4.37	4.29	3.97	4.63	3.95	4.17	4.36	4.52	4.66	4.44	4.5	4.35	4.7	4.6	3.95
ARGP820101	Hydrophobicity index (Argos et al., 1982)	Structural prediction of membrane-bound proteins	0.61	0.6	0.06	0.46	1.07	0	0.47	0.07	0.61	2.22	1.53	1.15	1.18	2.02	1.95	0.05	0.05	2.65	1.88	1.32
ARGP820102	Signal sequence helical potential (Argos et al., 1982)	Structural prediction of membrane-bound proteins	1.18	0.2	0.23	0.05	1.89	0.72	0.11	0.49	0.31	1.45	3.23	0.06	2.67	1.96	0.76	0.97	0.84	0.77	0.39	1.08
ARGP820103	Membrane-buried preference parameters (Argos et al., 1982)	Structural prediction of membrane-bound proteins	1.56	0.45	0.27	0.14	1.23	0.51	0.23	0.62	0.29	1.67	2.93	0.15	2.96	2.03	0.76	0.81	0.91	1.08	0.68	1.14
BHAR880101	Average flexibility indices (Bhaskaran-Ponnuswamy, 1988)	Positional flexibilities of amino acid residues in globular proteins	0.357	0.529	0.463	0.511	0.346	0.493	0.497	0.544	0.323	0.462	0.365	0.466	0.295	0.314	0.509	0.507	0.444	0.305	0.42	0.386
BIOV880102	Information value for accessibility; average fraction 23% (Biou et al., 1988)	Secondary structure prediction: combination of three different methods	44	-68	-72	-91	90	-117	-139	-8	47	100	108	-188	121	148	-36	-60	-54	163	22	117
BROC820101	Retention coefficient in TFA (Browne et al., 1982)	The isolation of peptides by high-performance liquid chromatography using predicted elution positions	7.3	-3.6	-5.7	-2.9	-9.2	-0.3	-7.1	-1.2	-2.1	6.6	20	-3.7	5.6	19.2	5.1	-4.1	0.8	16.3	5.9	3.5
BUNA790101	alpha-NH chemical shifts (Bundi-Wuthrich, 1979)	1H-nmr parameters of the common amino acid residues measured in aqueous solutions of the linear tetrapeptides H-Gly-Gly-X-L-Ala-OH	8.249	8.274	8.747	8.41	8.312	8.411	8.368	8.391	8.415	8.195	8.423	8.408	8.418	8.228	0	8.38	8.236	8.094	8.183	8.436
BURA740102	Normalized frequency of extended structure (Burgess et al., 1974)	Analysis of conformations of amino acid residues and prediction of backbone topography in proteins	0.288	0.362	0.229	0.271	0.533	0.327	0.262	0.312	0.2	0.411	0.4	0.265	0.375	0.318	0.34	0.354	0.388	0.231	0.429	0.495
CHOC750101	Average volume of buried residue (Chothia, 1975)	Structural invariants in protein folding	91.5	202	135.2	124.5	117.7	161.1	155.1	66.4	167.3	168.8	167.9	171.3	170.8	203.4	129.3	99.1	122.1	237.6	203.6	141.7
CHOP780202	Normalized frequency of beta-sheet (Chou-Fasman, 1978b)	Prediction of the secondary structure of proteins from their amino acid sequence	0.83	0.93	0.89	0.54	1.19	1.1	0.37	0.75	0.87	1.6	1.3	0.74	1.05	1.38	0.55	0.75	1.19	1.37	1.47	1.7
CHOP780213	Frequency of the 2nd residue in turn (Chou-Fasman, 1978b)	Prediction of the secondary structure of proteins from their amino acid sequence	0.076	0.106	0.083	0.11	0.053	0.098	0.06	0.085	0.047	0.034	0.025	0.115	0.082	0.041	0.301	0.139	0.108	0.013	0.065	0.048
CHOP780215	Frequency of the 4th residue in turn (Chou-Fasman, 1978b)	Prediction of the secondary structure of proteins from their amino acid sequence	0.058	0.085	0.091	0.081	0.128	0.098	0.064	0.152	0.054	0.056	0.07	0.095	0.055	0.065	0.068	0.106	0.079	0.167	0.125	0.053
CHOP780216	Normalized frequency of the 2nd and 3rd residues in turn (Chou-Fasman, 1978b)	Prediction of the secondary structure of proteins from their amino acid sequence	0.64	1.05	1.56	1.61	0.92	0.84	0.8	1.63	0.77	0.29	0.36	1.13	0.51	0.62	2.04	1.52	0.98	0.48	1.08	0.43
CIDH920101	Normalized hydrophobicity scales for alpha-proteins (Cid et al., 1992)	Hydrophobicity and structural classes in proteins	-0.45	-0.24	-0.2	-1.52	0.79	-0.99	-0.8	-1	1.07	0.76	1.29	-0.36	1.37	1.48	-0.12	-0.98	-0.7	1.38	1.49	1.26
DESM900101	Membrane preference for cytochrome b: MPH89 (Degli Esposti et al., 1990)	A critical evaluation of the hydropathy profile of membrane proteins	1.56	0.59	0.51	0.23	1.8	0.39	0.19	1.03	1	1.27	1.38	0.15	1.93	1.42	0.27	0.96	1.11	0.91	1.1	1.58
DESM900102	Average membrane preference: AMP07 (Degli Esposti et al., 1990)	A critical evaluation of the hydropathy profile of membrane proteins	1.26	0.38	0.59	0.27	1.6	0.39	0.23	1.08	1	1.44	1.36	0.33	1.52	1.46	0.54	0.98	1.01	1.06	0.89	1.33
EISD840101	Consensus normalized hydrophobicity scale (Eisenberg, 1984)	Three-dimensional structure of membrane and surface proteins	0.25	-1.76	-0.64	-0.72	0.04	-0.69	-0.62	0.16	-0.4	0.73	0.53	-1.1	0.26	0.61	-0.07	-0.26	-0.18	0.37	0.02	0.54
FAUJ830101	Hydrophobic parameter pi (Fauchere-Pliska, 1983)	Hydrophobic parameters pi of amino-acid side chains from the partitioning of N-acetyl-amino-acid amides	0.31	-1.01	-0.6	-0.77	1.54	-0.22	-0.64	0	0.13	1.8	1.7	-0.99	1.23	1.79	0.72	-0.04	0.26	2.25	0.96	1.22
GEIM800108	Aperiodic indices (Geisow-Roberts, 1980)	Amino acid preferences for secondary structure vary with protein class	0.91	1	1.64	1.4	0.93	0.94	0.97	1.51	0.9	0.65	0.59	0.82	0.58	0.72	1.66	1.23	1.04	0.67	0.92	0.6
GUYH850101	Partition energy (Guy, 1985)	Amino acid side-chain partition energies and distribution of residues in soluble proteins	0.1	1.91	0.48	0.78	-1.42	0.95	0.83	0.33	-0.5	-1.13	-1.18	1.4	-1.59	-2.12	0.73	0.52	0.07	-0.51	-0.21	-1.27
HUTJ700101	Heat capacity (Hutchens, 1970)	Heat capacities, absolute entropies, and entropies of formation of amino acids and related compounds	29.22	26.37	38.3	37.09	50.7	44.02	41.84	23.71	59.64	45	48.03	57.1	69.32	48.52	36.13	32.4	35.2	56.92	51.73	40.35
HUTJ700102	Absolute entropy (Hutchens, 1970)	Heat capacities, absolute entropies, and entropies of formation of amino acids and related compounds	30.88	68.43	41.7	40.66	53.83	46.62	44.98	24.74	65.99	49.71	50.62	63.21	55.32	51.06	39.21	35.65	36.5	60	51.15	42.75
HUTJ700103	Entropy of formation (Hutchens, 1970)	Heat capacities, absolute entropies, and entropies of formation of amino acids and related compounds	154.33	341.01	207.9	194.91	219.79	235.51	223.16	127.9	242.54	233.21	232.3	300.46	202.65	204.74	179.93	174.06	205.8	237.01	229.15	207.6
ISOY800101	Normalized relative frequency of alpha-helix (Isogai et al., 1980)	Characterization of multiple bends in proteins	1.53	1.17	0.6	1	0.89	1.27	1.63	0.44	1.03	1.07	1.32	1.26	1.66	1.22	0.25	0.65	0.86	1.05	0.7	0.93
JANJ780101	Average accessible surface area (Janin et al., 1978)	Conformation of amino acid side-chains in proteins	27.8	94.7	60.1	60.6	15.5	68.7	68.2	24.5	50.7	22.8	27.6	103	33.5	25.5	51.5	42	45	34.7	55.2	23.7
JUNJ780101	Sequence frequency (Jungck, 1978)	The genetic code as a periodic table	685	382	397	400	241	313	427	707	155	394	581	575	132	303	366	593	490	99	292	553
KANM800101	Average relative probability of helix (Kanehisa-Tsong, 1980)	Local hydrophobicity stabilizes secondary structures in proteins	1.36	1	0.89	1.04	0.82	1.14	1.48	0.63	1.11	1.08	1.21	1.22	1.45	1.05	0.52	0.74	0.81	0.97	0.79	0.94
KANM800103	Average relative probability of inner helix (Kanehisa-Tsong, 1980)	Local hydrophobicity stabilizes secondary structures in proteins	1.45	1.15	0.64	0.91	0.7	1.14	1.29	0.53	1.13	1.23	1.56	1.27	1.83	1.2	0.21	0.48	0.77	1.17	0.74	1.1
KARP850102	Flexibility parameter for one rigid neighbor (Karplus-Schulz, 1985)	Prediction of chain flexibility in proteins	0.946	1.028	1.006	1.089	0.878	1.025	1.036	1.042	0.952	0.892	0.961	1.082	0.862	0.912	1.085	1.048	1.051	0.917	0.93	0.927
KRIW710101	Side chain interaction parameter (Krigbaum-Rubin, 1971)	Local interactions as structure determinant for globular proteins	4.6	6.5	5.9	5.7	-1	6.1	5.6	7.6	4.5	2.6	3.25	7.9	1.4	3.2	7	5.25	4.8	4	4.35	3.4
LEVM760102	Distance between C-alpha and centroid of side chain (Levitt, 1976)	A simplified representation of protein conformations for rapid simulation of protein folfing	0.77	3.72	1.98	1.99	1.38	2.58	2.63	0	2.76	1.83	2.08	2.94	2.34	2.97	1.42	1.28	1.43	3.58	3.36	1.49
LEVM760105	Radius of gyration of side chain (Levitt, 1976)	A simplified representation of protein conformations for rapid simulation of protein folfing	0.77	2.38	1.45	1.43	1.22	1.75	1.77	0.58	1.78	1.56	1.54	2.08	1.8	1.9	1.25	1.08	1.24	2.21	2.13	1.29
LEVM780103	Normalized frequency of reverse turn, with weights (Levitt, 1978)	Conformational preferences of amino acids in globular proteins	0.77	0.88	1.28	1.41	0.81	0.98	0.99	1.64	0.68	0.51	0.58	0.96	0.41	0.59	1.91	1.32	1.04	0.76	1.05	0.47
MANP780101	Average surrounding hydrophobicity (Manavalan-Ponnuswamy, 1978)	Hydrophobic character of amino acid residues in globular proteins	12.97	11.72	11.42	10.85	14.63	11.76	11.89	12.43	12.16	15.67	14.9	11.36	14.39	14	11.37	11.23	11.69	13.93	13.42	15.71
MCMT640101	Refractivity (McMeekin et al., 1964), Cited by Jones (1975)		4.34	26.66	13.28	12	35.77	17.56	17.26	0	21.81	19.06	18.78	21.29	21.64	29.4	10.93	6.35	11.01	42.53	31.53	13.92
MEEJ800101	Retention coefficient in HPLC, pH7.4 (Meek, 1980)	Prediction of peptide retention times in high-pressure liquid chromatography on the basis of amino acid composition	0.5	0.8	0.8	-8.2	-6.8	-4.8	-16.9	0	-3.5	13.9	8.8	0.1	4.8	13.2	6.1	1.2	2.7	14.9	6.1	2.7
MEEJ810101	Retention coefficient in NaClO4 (Meek-Rossetti, 1981)	Factors affecting retention and resolution of peptides in high-performance liquid chromatography	1.1	-0.4	-4.2	-1.6	7.1	-2.9	0.7	-0.2	-0.7	8.5	11	-1.9	5.4	13.4	4.4	-3.2	-1.7	17.1	7.4	5.9
MEIH800102	Average reduced distance for side chain (Meirovitch et al., 1980)	Empirical studies of hydrophobicity. 1. Effect of protein size on the hydrophobic behavior of amino acids	0.94	1.09	1.04	1.08	0.84	1.11	1.12	1.01	0.92	0.76	0.82	1.23	0.83	0.73	1.04	1.04	1.02	0.87	1.03	0.81
MIYS850101	Effective partition energy (Miyazawa-Jernigan, 1985)	Estimation of effective interresidue contact energies from protein crystal structures: Quasi-chemical approximation	2.36	1.92	1.7	1.67	3.36	1.75	1.74	2.06	2.41	4.17	3.93	1.23	4.22	4.37	1.89	1.81	2.04	3.82	2.91	3.49
NAGK730103	Normalized frequency of coil (Nagano, 1973)	Local analysis of the mechanism of protein folding. I. Prediction of helices, loops, and beta-structures from primary structure	0.72	1.33	1.38	1.04	1.01	0.81	0.75	1.35	0.76	0.8	0.63	0.84	0.62	0.58	1.43	1.34	1.03	0.87	1.35	0.83
NAKH900101	AA composition of total proteins (Nakashima et al., 1990)	Distinct character in hydrophobicity of amino acid composition of mitochondrial proteins	7.99	5.86	4.33	5.14	1.81	3.98	6.1	6.91	2.17	5.48	9.16	6.01	2.5	3.83	4.95	6.84	5.77	1.34	3.15	6.65
NAKH900106	Normalized composition from animal (Nakashima et al., 1990)	Distinct character in hydrophobicity of amino acid composition of mitochondrial proteins	-0.57	-1.29	0.02	-1.54	-0.3	-0.71	-1.17	-0.48	0.1	1.31	2.16	-1.02	2.55	1.42	0.11	0.3	0.99	1.35	0.2	-0.79
NAKH900107	AA composition of mt-proteins from fungi and plant (Nakashima et al., 1990)	Distinct character in hydrophobicity of amino acid composition of mitochondrial proteins	5.39	2.81	7.31	3.07	0.86	2.31	2.7	6.52	2.23	9.94	12.64	4.67	3.68	6.34	3.62	7.24	5.44	1.64	5.42	6.18
NAKH900109	AA composition of membrane proteins (Nakashima et al., 1990)	Distinct character in hydrophobicity of amino acid composition of mitochondrial proteins	9.25	3.96	3.71	3.89	1.07	3.17	4.8	8.51	1.88	6.47	10.94	3.5	3.14	6.36	4.36	6.26	5.66	2.22	3.28	7.55
NAKH900111	Transmembrane regions of non-mt-proteins (Nakashima et al., 1990)	Distinct character in hydrophobicity of amino acid composition of mitochondrial proteins	10.17	1.21	1.36	1.18	1.48	1.57	1.15	8.87	1.07	10.91	16.22	1.04	4.12	9.6	2.24	5.38	5.61	2.67	2.68	11.44
NAKH900112	Transmembrane regions of mt-proteins (Nakashima et al., 1990)	Distinct character in hydrophobicity of amino acid composition of mitochondrial proteins	6.61	0.41	1.84	0.59	0.83	1.2	1.63	4.88	1.14	12.91	21.66	1.15	7.17	7.76	3.51	6.84	8.89	2.11	2.57	6.3
NAKH920101	AA composition of CYT of single-spanning proteins (Nakashima-Nishikawa, 1992)	The amino acid composition is different between the cytoplasmic and extracellular sides in membrane proteins	8.63	6.75	4.18	6.24	1.03	4.76	7.82	6.8	2.7	3.48	8.44	6.25	2.14	2.73	6.28	8.53	4.43	0.8	2.54	5.44
NAKH920102	AA composition of CYT2 of single-spanning proteins (Nakashima-Nishikawa, 1992)	The amino acid composition is different between the cytoplasmic and extracellular sides in membrane proteins	10.88	6.01	5.75	6.13	0.69	4.68	9.34	7.72	2.15	1.8	8.03	6.11	3.79	2.93	7.21	7.25	3.51	0.47	1.01	4.57
NAKH920103	AA composition of EXT of single-spanning proteins (Nakashima-Nishikawa, 1992)	The amino acid composition is different between the cytoplasmic and extracellular sides in membrane proteins	5.15	4.38	4.81	5.75	3.24	4.45	7.05	6.38	2.69	4.4	8.11	5.25	1.6	3.52	5.65	8.04	7.41	1.68	3.42	7
NAKH920104	AA composition of EXT2 of single-spanning proteins (Nakashima-Nishikawa, 1992)	The amino acid composition is different between the cytoplasmic and extracellular sides in membrane proteins	5.04	3.73	5.94	5.26	2.2	4.5	6.07	7.09	2.99	4.32	9.88	6.31	1.85	3.72	6.22	8.05	5.2	2.1	3.32	6.19
NAKH920105	AA composition of MEM of single-spanning proteins (Nakashima-Nishikawa, 1992)	The amino acid composition is different between the cytoplasmic and extracellular sides in membrane proteins	9.9	0.09	0.94	0.35	2.55	0.87	0.08	8.14	0.2	15.25	22.28	0.16	1.85	6.47	2.38	4.17	4.33	2.21	3.42	14.34
NAKH920106	AA composition of CYT of multi-spanning proteins (Nakashima-Nishikawa, 1992)	The amino acid composition is different between the cytoplasmic and extracellular sides in membrane proteins	6.69	6.65	4.49	4.97	1.7	5.39	7.76	6.32	2.11	4.51	8.23	8.36	2.46	3.59	5.2	7.4	5.18	1.06	2.75	5.27
NAKH920107	AA composition of EXT of multi-spanning proteins (Nakashima-Nishikawa, 1992)	The amino acid composition is different between the cytoplasmic and extracellular sides in membrane proteins	5.08	4.75	5.75	5.96	2.95	4.24	6.04	8.2	2.1	4.95	8.03	4.93	2.61	4.36	4.84	6.41	5.87	2.31	4.55	6.07
NISK800101	8 A contact number (Nishikawa-Ooi, 1980)	Prediction of the surface-interior diagram of globular proteins by an empirical method	0.23	-0.26	-0.94	-1.13	1.78	-0.57	-0.75	-0.07	0.11	1.19	1.03	-1.05	0.66	0.48	-0.76	-0.67	-0.36	0.9	0.59	1.24
NISK860101	14 A contact number (Nishikawa-Ooi, 1986)	Radial locations of amino acid residues in a globular protein: Correlation with the sequence	-0.22	-0.93	-2.65	-4.12	4.66	-2.76	-3.64	-1.62	1.28	5.58	5.01	-4.18	3.51	5.27	-3.03	-2.84	-1.2	5.2	2.15	4.45
OOBM770101	Average non-bonded energy per atom (Oobatake-Ooi, 1977)	An analysis of non-bonded energy of proteins	-1.895	-1.475	-1.56	-1.518	-2.035	-1.521	-1.535	-1.898	-1.755	-1.951	-1.966	-1.374	-1.963	-1.864	-1.699	-1.753	-1.767	-1.869	-1.686	-1.981
OOBM770103	Long range non-bonded energy per atom (Oobatake-Ooi, 1977)	An analysis of non-bonded energy of proteins	-0.491	-0.554	-0.382	-0.356	-0.67	-0.405	-0.371	-0.534	-0.54	-0.762	-0.65	-0.3	-0.659	-0.729	-0.463	-0.455	-0.515	-0.839	-0.656	-0.728
OOBM770104	Average non-bonded energy per residue (Oobatake-Ooi, 1977)	An analysis of non-bonded energy of proteins	-9.475	-16.225	-12.48	-12.144	-12.21	-13.689	-13.815	-7.592	-17.55	-15.608	-15.728	-12.366	-15.704	-20.504	-11.893	-10.518	-12.369	-26.166	-20.232	-13.867
OOBM770105	Short and medium range non-bonded energy per residue (Oobatake-Ooi, 1977)	An analysis of non-bonded energy of proteins	-7.02	-10.131	-9.424	-9.296	-8.19	-10.044	-10.467	-5.456	-12.15	-9.512	-10.52	-9.666	-10.424	-12.485	-8.652	-7.782	-8.764	-14.42	-12.36	-8.778
OOBM850101	Optimized beta-structure-coil equilibrium constant (Oobatake et al., 1985)	Optimization of amino acid parameters for correspondence of sequence to tertiary structures of proteuins	2.01	0.84	0.03	-2.05	1.98	1.02	0.93	0.12	-0.14	3.7	2.73	2.55	1.75	2.68	0.41	1.47	2.39	2.49	2.23	3.5
OOBM850102	Optimized propensity to form reverse turn (Oobatake et al., 1985)	Optimization of amino acid parameters for correspondence of sequence to tertiary structures of proteuins	1.34	0.95	2.49	3.32	1.07	1.49	2.2	2.07	1.27	0.66	0.54	0.61	0.7	0.8	2.12	0.94	1.09	-4.65	-0.17	1.32
OOBM850103	Optimized transfer energy parameter (Oobatake et al., 1985)	Optimization of amino acid parameters for correspondence of sequence to tertiary structures of proteuins	0.46	-1.54	1.31	-0.33	0.2	-1.12	0.48	0.64	-1.31	3.28	0.43	-1.71	0.15	0.52	-0.58	-0.83	-1.52	1.25	-2.21	0.54
OOBM850104	Optimized average non-bonded energy per atom (Oobatake et al., 1985)	Optimization of amino acid parameters for correspondence of sequence to tertiary structures of proteuins	-2.49	2.55	2.27	8.86	-3.13	1.79	4.04	-0.56	4.22	-10.87	-7.16	-9.97	-4.96	-6.64	5.19	-1.6	-4.75	-17.84	9.25	-3.97
OOBM850105	Optimized side chain interaction parameter (Oobatake et al., 1985)	Optimization of amino acid parameters for correspondence of sequence to tertiary structures of proteuins	4.55	5.97	5.56	2.85	-0.78	4.15	5.16	9.14	4.48	2.1	3.24	10.68	2.18	4.37	5.14	6.78	8.6	1.97	2.4	3.81
PALJ810102	Normalized frequency of alpha-helix from CF (Palau et al., 1981)	Protein secondary structure	1.32	1.04	0.74	0.97	0.7	1.25	1.48	0.59	1.06	1.01	1.22	1.13	1.47	1.1	0.57	0.77	0.86	1.02	0.72	1.05
PALJ810108	Normalized frequency of alpha-helix in alpha+beta class (Palau et al., 1981)	Protein secondary structure	1.34	0.91	0.83	1.06	1.27	1.13	1.69	0.47	1.11	0.84	1.39	1.08	0.9	1.02	0.48	1.05	0.74	0.64	0.73	1.18
PONP800102	Average gain in surrounding hydrophobicity (Ponnuswamy et al., 1980)	Hydrophobic packing and spatial arrangement of amino acid residues in globular proteins	7.62	6.81	6.17	6.18	10.93	6.67	6.38	7.31	7.85	9.99	9.37	5.72	9.83	8.99	6.64	6.93	7.08	8.41	8.53	10.38
PONP800104	Surrounding hydrophobicity in alpha-helix (Ponnuswamy et al., 1980)	Hydrophobic packing and spatial arrangement of amino acid residues in globular proteins	13.65	11.28	12.24	10.98	14.49	11.3	12.55	15.36	11.59	14.63	14.01	11.96	13.4	14.08	11.51	11.26	13	12.06	12.64	12.88
PONP800108	Average number of surrounding residues (Ponnuswamy et al., 1980)	Hydrophobic packing and spatial arrangement of amino acid residues in globular proteins	6.05	5.7	5.04	4.95	7.86	5.45	5.1	6.16	5.8	7.51	7.37	4.88	6.39	6.62	5.65	5.53	5.81	6.98	6.73	7.62
PRAM900104	Relative frequency in reverse-turn (Prabhakaran, 1990)	The distribution of physical, chemical and conformational properties in signal and nascent peptides	0.78	0.88	1.28	1.41	0.8	0.97	1	1.64	0.69	0.51	0.59	0.96	0.39	0.58	1.91	1.33	1.03	0.75	1.05	0.47
QIAN880104	Weights for alpha-helix at the window position of -3 (Qian-Sejnowski, 1988)	Predicting the secondary structure of globular proteins using neural network models	0.29	-0.03	-0.04	0.11	-0.05	0.26	0.28	-0.67	-0.26	0	0.47	-0.19	0.27	0.24	-0.34	-0.17	-0.2	0.25	-0.3	-0.01
QIAN880107	Weights for alpha-helix at the window position of 0 (Qian-Sejnowski, 1988)	Predicting the secondary structure of globular proteins using neural network models	0.57	0.23	-0.36	-0.46	-0.15	0.15	0.26	-0.71	-0.05	0	0.48	0.16	0.41	0.03	-1.12	-0.47	-0.54	-0.1	-0.35	0.31
QIAN880110	Weights for alpha-helix at the window position of 3 (Qian-Sejnowski, 1988)	Predicting the secondary structure of globular proteins using neural network models	0.31	0.18	-0.1	-0.81	-0.26	0.41	-0.06	-0.42	0.51	-0.15	0.56	0.47	0.58	0.1	-1.33	-0.49	-0.44	0.14	-0.08	-0.01
QIAN880120	Weights for beta-sheet at the window position of 0 (Qian-Sejnowski, 1988)	Predicting the secondary structure of globular proteins using neural network models	-0.25	-0.02	-0.77	-1.01	0.13	-0.12	-0.62	-0.72	-0.16	1.1	0.23	-0.59	0.32	0.48	-1.24	-0.31	0.17	0.45	0.77	0.69
QIAN880132	Weights for coil at the window position of -1 (Qian-Sejnowski, 1988)	Predicting the secondary structure of globular proteins using neural network models	-0.27	-0.4	0.71	0.54	0	-0.08	-0.12	1.14	0.18	-0.74	-0.54	0.45	-0.76	-0.47	1.4	0.4	-0.1	-0.46	-0.05	-0.86
QIAN880133	Weights for coil at the window position of 0 (Qian-Sejnowski, 1988)	Predicting the secondary structure of globular proteins using neural network models	-0.42	-0.23	0.81	0.95	-0.18	-0.01	-0.09	1.24	0.05	-1.17	-0.69	0.09	-0.86	-0.39	1.77	0.63	0.29	-0.37	-0.41	-1.32
QIAN880134	Weights for coil at the window position of 1 (Qian-Sejnowski, 1988)	Predicting the secondary structure of globular proteins using neural network models	-0.24	-0.04	0.45	0.65	-0.38	0.01	0.07	0.85	-0.21	-0.65	-0.8	0.17	-0.71	-0.61	2.27	0.33	0.13	-0.44	-0.49	-0.99
QIAN880138	Weights for coil at the window position of 5 (Qian-Sejnowski, 1988)	Predicting the secondary structure of globular proteins using neural network models	-0.23	-0.2	0.06	0.34	0.19	0.47	0.28	0.14	-0.22	0.42	-0.36	-0.15	-0.19	-0.02	0.78	-0.29	-0.3	-0.18	0.07	0.29
RADA880103	Transfer free energy from vap to chx (Radzicka-Wolfenden, 1988)	Comparing the polarities of the amino acids: Side-chain distribution coefficients between the vapor phase, cyclohexane, 1-octanol, and neutral aqueous solution	0.13	-5	-3.04	-2.23	-2.52	-3.84	-3.43	1.45	-5.61	-2.77	-2.64	-3.97	-3.83	-3.74	0	-1.66	-2.31	-8.21	-5.97	-2.05
RADA880106	Accessible surface area (Radzicka-Wolfenden, 1988)	Comparing the polarities of the amino acids: Side-chain distribution coefficients between the vapor phase, cyclohexane, 1-octanol, and neutral aqueous solution	93.7	250.4	146.3	142.6	135.2	177.7	182.9	52.6	188.1	182.2	173.7	215.2	197.6	228.6	0	109.5	142.1	271.6	239.9	157.2
ROBB760103	Information measure for middle helix (Robson-Suzuki, 1976)	Conformational properties of amino acid residues in globular proteins	6.7	0.3	-6.1	-3.1	-4.9	0.6	2.2	-6.8	-1	3.2	5.5	0.5	7.2	2.8	-22.8	-3	-4	4	-4.6	2.5
ROSG850101	Mean area buried on transfer (Rose et al., 1985)	Hydrophobicity of amino acid residues in globular proteins	86.6	162.2	103.3	97.8	132.3	119.2	113.9	62.9	155.8	158	164.1	115.5	172.9	194.1	92.9	85.6	106.5	224.6	177.7	141
SNEP660101	Principal component I (Sneath, 1966)	Relations between chemical structure and biological activity in peptides	0.239	0.211	0.249	0.171	0.22	0.26	0.187	0.16	0.205	0.273	0.281	0.228	0.253	0.234	0.165	0.236	0.213	0.183	0.193	0.255
TANS770102	Normalized frequency of isolated helix (Tanaka-Scheraga, 1977)	Statistical mechanical treatment of protein conformation. 5. A multiphasic model for specific-sequence copolymers of amino acids	0.946	1.128	0.432	1.311	0.481	1.615	0.698	0.36	2.168	1.283	1.192	1.203	0	0.963	2.093	0.523	1.961	1.925	0.802	0.409
TANS770104	Normalized frequency of chain reversal R (Tanaka-Scheraga, 1977)	Statistical mechanical treatment of protein conformation. 5. A multiphasic model for specific-sequence copolymers of amino acids	1.194	0.795	0.659	1.056	0.678	1.29	0.928	1.015	0.611	0.603	0.595	1.06	0.831	0.377	3.159	1.444	1.172	0.452	0.816	0.64
VASM830101	Relative population of conformational state A (Vasquez et al., 1983)	Computed conformational states of the 20 naturally occurring amino acid residues and of the prototype residue alpha-aminobutyric acid	0.135	0.296	0.196	0.289	0.159	0.236	0.184	0.051	0.223	0.173	0.215	0.17	0.239	0.087	0.151	0.01	0.1	0.166	0.066	0.285
VASM830102	Relative population of conformational state C (Vasquez et al., 1983)	Computed conformational states of the 20 naturally occurring amino acid residues and of the prototype residue alpha-aminobutyric acid	0.507	0.459	0.287	0.223	0.592	0.383	0.445	0.39	0.31	0.111	0.619	0.559	0.431	0.077	0.739	0.689	0.785	0.16	0.06	0.356
VHEG790101	Transfer free energy to lipophilic phase (von Heijne-Blomberg, 1979)	Trans-membrane translocation of proteins: The direct transfer model	-12.04	39.23	4.25	23.22	3.95	2.16	16.81	-7.85	6.28	-18.32	-17.79	9.71	-8.86	-21.98	5.82	-1.54	-4.15	-16.19	-1.51	-16.22
WARP780101	Average interactions per side chain atom (Warme-Morgan, 1978)	A survey of amino acid side-chain interactions in 21 proteins	10.04	6.18	5.63	5.76	8.89	5.41	5.37	7.99	7.49	8.72	8.79	4.4	9.15	7.98	7.79	7.08	7	8.07	6.9	8.88
WOLR810101	Hydration potential (Wolfenden et al., 1981)	Affinties of amino acid side chains for solvent water	1.94	-19.92	-9.68	-10.95	-1.24	-9.38	-10.2	2.39	-10.27	2.15	2.28	-9.52	-1.48	-0.76	-3.68	-5.06	-4.88	-5.88	-6.11	1.99
WOLS870101	Principal property value z1 (Wold et al., 1987)	Principal property values for six non-natural amino acids and their application to a structure-activity relationship for oxytocin peptide analogues	0.07	2.88	3.22	3.64	0.71	2.18	3.08	2.23	2.41	-4.44	-4.19	2.84	-2.49	-4.92	-1.22	1.96	0.92	-4.75	-1.39	-2.69
WOLS870102	Principal property value z2 (Wold et al., 1987)	Principal property values for six non-natural amino acids and their application to a structure-activity relationship for oxytocin peptide analogues	-1.73	2.52	1.45	1.13	-0.97	0.53	0.39	-5.36	1.74	-1.68	-1.03	1.41	-0.27	1.3	0.88	-1.63	-2.09	3.65	2.32	-2.53
WOLS870103	Principal property value z3 (Wold et al., 1987)	Principal property values for six non-natural amino acids and their application to a structure-activity relationship for oxytocin peptide analogues	0.09	-3.44	0.84	2.36	4.13	-1.14	-0.07	0.3	1.11	-1.03	-0.98	-3.14	-0.41	0.45	2.23	0.57	-1.4	0.85	0.01	-1.29
YUTK870103	Activation Gibbs energy of unfolding, pH7.0 (Yutani et al., 1987)	Dependence of conformational stability on hydrophobicity of the amino acid residue in a series of variant proteins substituted at a unique position of tryptophan synthase alpha subunit	18.08	0	17.47	17.36	18.17	17.93	18.16	18.24	18.49	18.62	18.6	17.96	18.11	17.3	18.16	17.57	17.54	17.19	17.99	18.3
AURR980113	Normalized positional residue frequency at helix termini C3 (Aurora-Rose, 1998)	Helix capping	1.73	1.24	0.7	0.68	0.63	0.88	1.16	0.32	0.76	1.15	1.8	1.22	2.21	1.35	0.07	0.65	0.46	1.57	1.1	0.94
VINM940101	Normalized flexibility parameters (B-values), average (Vihinen et al., 1994)	Accuracy of protein flexibility predictions	0.984	1.008	1.048	1.068	0.906	1.037	1.094	1.031	0.95	0.927	0.935	1.102	0.952	0.915	1.049	1.046	0.997	0.904	0.929	0.931
MUNV940102	Free energy in alpha-helical region (Munoz-Serrano, 1994)	Intrinsic secondary structure propensities of the amino acids, using statistical phi-psi matrices: comparison with experimental scales	0.619	0.753	1.089	0.932	1.107	0.77	0.675	1.361	1.034	0.876	0.74	0.784	0.736	0.968	1.78	0.969	1.053	0.91	1.009	0.939
MUNV940103	Free energy in beta-strand conformation (Munoz-Serrano, 1994)	Intrinsic secondary structure propensities of the amino acids, using statistical phi-psi matrices: comparison with experimental scales	1.08	0.976	1.197	1.266	0.733	1.05	1.085	1.104	0.906	0.583	0.789	1.026	0.812	0.685	1.412	0.987	0.784	0.755	0.665	0.546
PARS000102	p-Values of thermophilic proteins based on the distributions of B values (Parthasarathy-Murthy, 2000)	Protein thermal stability: insights from atomic displacement parameters (B values)	0.32	0.327	0.384	0.424	0.198	0.436	0.514	0.374	0.299	0.306	0.34	0.446	0.313	0.314	0.354	0.376	0.339	0.291	0.287	0.294
KOEP990101	Alpha-helix propensity derived from designed sequences (Koehl-Levitt, 1999)	Structure-based conformational preferences of amino acids	-0.04	-0.3	0.25	0.27	0.57	-0.02	-0.33	1.24	-0.11	-0.26	-0.38	-0.18	-0.09	-0.01	0	0.15	0.39	0.21	0.05	-0.06
FUKS010101	Surface composition of amino acids in intracellular proteins of thermophiles (percent) (Fukuchi-Nishikawa, 2001)	Protein surface amino acid compositions distinctively differ between thermophilic and mesophilic bacteria	4.47	8.48	3.89	7.05	0.29	2.87	16.56	8.29	1.74	3.3	5.06	12.98	1.71	2.32	5.41	4.27	3.83	0.67	2.75	4.05
FUKS010102	Surface composition of amino acids in intracellular proteins of mesophiles (percent) (Fukuchi-Nishikawa, 2001)	Protein surface amino acid compositions distinctively differ between thermophilic and mesophilic bacteria	6.77	6.87	5.5	8.57	0.31	5.24	12.93	7.95	2.8	2.72	4.43	10.2	1.87	1.92	4.79	5.41	5.36	0.54	2.26	3.57
FUKS010104	Surface composition of amino acids in nuclear proteins (percent) (Fukuchi-Nishikawa, 2001)	Protein surface amino acid compositions distinctively differ between thermophilic and mesophilic bacteria	5.22	7.3	6.06	7.91	1.01	6	10.66	5.81	2.27	2.36	4.52	12.68	1.85	1.68	5.7	6.99	5.16	0.56	2.16	4.1
FUKS010105	Interior composition of amino acids in intracellular proteins of thermophiles (percent) (Fukuchi-Nishikawa, 2001)	Protein surface amino acid compositions distinctively differ between thermophilic and mesophilic bacteria	9.88	3.71	2.35	3.5	1.12	1.66	4.02	6.88	1.88	10.08	13.21	3.39	2.44	5.27	3.8	4.1	4.98	1.11	4.07	12.53
FUKS010106	Interior composition of amino acids in intracellular proteins of mesophiles (percent) (Fukuchi-Nishikawa, 2001)	Protein surface amino acid compositions distinctively differ between thermophilic and mesophilic bacteria	10.98	3.26	2.85	3.37	1.47	2.3	3.51	7.48	2.2	9.74	12.79	2.54	3.1	4.97	3.42	4.93	5.55	1.28	3.55	10.69
FUKS010107	Interior composition of amino acids in extracellular proteins of mesophiles (percent) (Fukuchi-Nishikawa, 2001)	Protein surface amino acid compositions distinctively differ between thermophilic and mesophilic bacteria	9.95	3.05	4.84	4.46	1.3	2.64	2.58	8.87	1.99	7.73	9.66	2	2.45	5.41	3.2	6.03	5.62	2.6	6.15	9.46
FUKS010109	Entire chain composition of amino acids in intracellular proteins of thermophiles (percent) (Fukuchi-Nishikawa, 2001)	Protein surface amino acid compositions distinctively differ between thermophilic and mesophilic bacteria	7.39	5.91	3.06	5.14	0.74	2.22	9.8	7.53	1.82	6.96	9.45	7.81	2.1	3.91	4.54	4.18	4.45	0.9	3.46	8.62
FUKS010111	Entire chain composition of amino acids in extracellular proteins of mesophiles (percent) (Fukuchi-Nishikawa, 2001)	Protein surface amino acid compositions distinctively differ between thermophilic and mesophilic bacteria	8.82	3.71	6.77	6.38	0.9	3.89	4.05	9.11	1.77	5.05	6.54	5.45	1.62	3.51	4.28	7.64	7.12	1.96	4.85	6.6
FUKS010112	Entire chain compositino of amino acids in nuclear proteins (percent) (Fukuchi-Nishikawa, 2001)	Protein surface amino acid compositions distinctively differ between thermophilic and mesophilic bacteria	6.65	5.17	4.4	5.5	1.79	4.52	6.89	5.72	2.13	5.47	10.15	7.59	2.24	4.34	4.56	6.52	5.08	1.24	3.01	7
TSAJ990101	Volumes including the crystallographic waters using the ProtOr (Tsai et al., 1999)	The packing density in proteins: standard radii and volumes	89.3	190.3	122.4	114.4	102.5	146.9	138.8	63.8	157.5	163	163.1	165.1	165.8	190.8	121.6	94.2	119.6	226.4	194.6	138.2
TSAJ990102	Volumes not including the crystallographic waters using the ProtOr (Tsai et al., 1999)	The packing density in proteins: standard radii and volumes	90	194	124.7	117.3	103.3	149.4	142.2	64.9	160	163.9	164	167.3	167	191.9	122.9	95.4	121.5	228.2	197	139
BASU050101	Interactivity scale obtained from the contact matrix (Bastolla et al., 2005)	Principal eigenvector of contact matrices and hydrophobicity profiles in prote	0.1366	0.0363	-0.0345	-0.1233	0.2745	0.0325	-0.0484	-0.0464	0.0549	0.4172	0.4251	-0.0101	0.1747	0.4076	0.0019	-0.0433	0.0589	0.2362	0.3167	0.4084
BASU050102	Interactivity scale obtained by maximizing the mean of correlation coefficient over single-domain globular proteins (Bastolla et al., 2005)	Principal eigenvector of contact matrices and hydrophobicity profiles in prote	0.0728	0.0394	-0.039	-0.0552	0.3557	0.0126	-0.0295	-0.0589	0.0874	0.3805	0.3819	-0.0053	0.1613	0.4201	-0.0492	-0.0282	0.0239	0.4114	0.3113	0.2947
BASU050103	Interactivity scale obtained by maximizing the mean of correlation coefficient over pairs of sequences sharing the TIM barrel fold (Bastolla et al., 2005)	Principal eigenvector of contact matrices and hydrophobicity profiles in prote	0.151	-0.0103	0.0381	0.0047	0.3222	0.0246	-0.0639	0.0248	0.1335	0.4238	0.3926	-0.0158	0.216	0.3455	0.0844	0.004	0.1462	0.2657	0.2998	0.3997
SUYM030101	Linker propensity index (Suyama-Ohara, 2003)	DomCut: Prediction of inter-domain linker regions in amino acid sequences	-0.058	0	0.027	0.016	0.447	-0.073	-0.128	0.331	0.195	0.06	0.138	-0.112	0.275	0.24	-0.478	-0.177	-0.163	0.564	0.322	-0.052
GEOR030103	Linker propensity from 2-linker dataset (George-Heringa, 2003)	An analysis of protein domain linkers: their classification and role in protein folding	0.938	1.137	0.902	0.857	0.6856	0.916	1.139	0.892	1.109	0.986	1	0.952	1.077	1.11	1.266	0.956	1.018	0.971	1.157	0.959
GEOR030106	Linker propensity from medium dataset (linker length is between six and 14 residues) (George-Heringa, 2003)	An analysis of protein domain linkers: their classification and role in protein folding	0.99	1.132	0.873	0.915	0.644	0.999	1.053	0.785	1.054	0.95	1.106	1.003	1.093	1.121	1.314	0.911	0.988	0.939	1.09	0.957
GEOR030107	Linker propensity from long dataset (linker length is greater than 14 residues) (George-Heringa, 2003)	An analysis of protein domain linkers: their classification and role in protein folding	0.892	1.154	1.144	0.925	1.035	1.2	1.115	0.917	0.992	0.817	0.994	0.944	0.782	1.058	1.309	0.986	1.11	0.841	0.866	0.9
GEOR030108	Linker propensity from helical (annotated by DSSP) dataset (George-Heringa, 2003)	An analysis of protein domain linkers: their classification and role in protein folding	1.092	1.239	0.927	0.919	0.662	1.124	1.199	0.698	1.012	0.912	1.276	1.008	1.171	1.09	0.8	0.886	0.832	0.981	1.075	0.908
GEOR030109	Linker propensity from non-helical (annotated by DSSP) dataset (George-Heringa, 2003)	An analysis of protein domain linkers: their classification and role in protein folding	0.843	1.038	0.956	0.906	0.896	0.968	0.9	0.978	1.05	0.946	0.885	0.893	0.878	1.151	1.816	1.003	1.189	0.852	0.945	0.999
BAEK050101	Linker index (Bae et al., 2005)	Prediction of protein inter-domain linker regions by a hidden Markov model	0.0166	-0.0762	-0.0786	-0.1278	0.5724	-0.1051	-0.1794	-0.0442	0.1643	0.2758	0.2523	-0.2134	0.0197	0.3561	-0.4188	-0.1629	-0.0701	0.3836	0.25	0.1782
HARY940101	Mean volumes of residues buried in protein interiors (Harpaz et al., 1994)	Volume changes on protein folding	90.1	192.8	127.5	117.1	113.2	149.4	140.8	63.8	159.3	164.9	164.6	170	167.7	193.5	123.1	94.2	120	197.1	231.7	139.1
PONJ960101	Average volumes of residues (Pontius et al., 1996)	Deviations from standard atomic volumes as a quality measure for protein crystal structures	91.5	196.1	138.3	135.2	114.4	156.4	154.6	67.5	163.2	162.6	163.4	162.5	165.9	198.8	123.4	102	126	209.8	237.2	138.4
DIGM050101	Hydrostatic pressure asymmetry index, PAI (Di Giulio, 2005)	A comparison of proteins from Pyrococcus furiosus and Pyrococcus abyssi: barophily in the physicochemical properties of amino acids and in the genetic code	1.076	1.361	1.056	1.29	0.753	0.729	1.118	1.346	0.985	0.926	1.054	1.105	0.974	0.869	0.82	1.342	0.871	0.666	0.531	1.131
OLSK800101	Average internal preferences (Olsen, 1980)	Internal residue criteria for predicting three-dimensional protein structures	1.38	0	0.37	0.52	1.43	0.22	0.71	1.34	0.66	2.32	1.47	0.15	1.78	1.72	0.85	0.86	0.89	0.82	0.47	1.99
GUYH850104	Apparent partition energies calculated from Janin index (Guy, 1985)	Amino acid side-chain partition energies and distribution of residues in soluble proteins	-0.31	1.3	0.49	0.58	-0.87	0.7	0.68	-0.33	0.13	-0.66	-0.53	1.79	-0.38	-0.45	0.34	0.1	0.21	-0.27	0.4	-0.62
GUYH850105	Apparent partition energies calculated from Chothia index (Guy, 1985)	Amino acid side-chain partition energies and distribution of residues in soluble proteins	-0.27	2	0.61	0.5	-0.23	1	0.33	-0.22	0.37	-0.8	-0.44	1.17	-0.31	-0.55	0.36	0.17	0.18	0.05	0.48	-0.65
JACR890101	Weights from the IFH scale (Jacobs-White, 1989)	The nature of the hydrophobic bonding of small peptides at the bilayer interface: implications for the insertion of transbilayer helices	0.18	-5.4	-1.3	-2.36	0.27	-1.22	-2.1	0.09	-1.48	0.37	0.41	-2.53	0.44	0.5	-0.2	-0.4	-0.34	-0.01	-0.08	0.32
CORJ870101	NNEIG index (Cornette et al., 1987)	Hydrophobicity Scales and Computational Techniques for Detecting Amphipathic Structures in Proteins	50.76	48.66	45.8	43.17	58.74	46.09	43.48	50.27	49.33	57.3	53.89	42.92	52.75	53.45	45.39	47.24	49.26	53.59	51.79	56.12
CORJ870102	SWEIG index (Cornette et al., 1987)	Hydrophobicity Scales and Computational Techniques for Detecting Amphipathic Structures in Proteins	-0.414	-0.584	-0.916	-1.31	0.162	-0.905	-1.218	-0.684	-0.63	1.237	1.215	-0.67	1.02	1.938	-0.503	-0.563	-0.289	0.514	1.699	0.899
CORJ870103	PRIFT index (Cornette et al., 1987)	Hydrophobicity Scales and Computational Techniques for Detecting Amphipathic Structures in Proteins	-0.96	0.75	-1.94	-5.68	4.54	-5.3	-3.86	-1.28	-0.62	5.54	6.81	-5.62	4.76	5.06	-4.47	-1.92	-3.99	0.21	3.34	5.39
CORJ870105	ALTFT index (Cornette et al., 1987)	Hydrophobicity Scales and Computational Techniques for Detecting Amphipathic Structures in Proteins	-0.73	-1.03	-5.29	-6.13	0.64	-0.96	-2.9	-2.67	3.03	5.04	4.91	-5.99	3.34	5.2	-4.32	-3	-1.91	0.51	2.87	3.98
CORJ870106	ALTLS index (Cornette et al., 1987)	Hydrophobicity Scales and Computational Techniques for Detecting Amphipathic Structures in Proteins	-1.35	-3.89	-10.96	-11.88	4.37	-1.34	-4.56	-5.82	6.54	10.93	9.88	-11.92	7.47	11.35	-10.86	-6.21	-4.83	1.8	7.61	8.2
CORJ870107	TOTFT index (Cornette et al., 1987)	Hydrophobicity Scales and Computational Techniques for Detecting Amphipathic Structures in Proteins	-0.56	-0.26	-2.87	-4.31	1.78	-2.31	-2.35	-1.35	0.81	3.83	4.09	-4.08	3.11	3.67	-3.22	-1.85	-1.97	-0.11	2.17	3.31
CORJ870108	TOTLS index (Cornette et al., 1987)	Hydrophobicity Scales and Computational Techniques for Detecting Amphipathic Structures in Proteins	1.37	1.33	6.29	8.93	-4.47	3.88	4.04	3.39	-1.65	-7.92	-8.68	7.7	-7.13	-7.96	6.25	4.08	4.02	0.79	-4.73	-6.94
MIYS990101	Relative partition energies derived by the Bethe approximation (Miyazawa-Jernigan, 1999)	Self-consistent estimation of inter-residue protein contact energies based on an equilibrium mixture approximation of residues	-0.02	0.44	0.63	0.72	-0.96	0.56	0.74	0.38	0	-1.89	-2.29	1.01	-1.36	-2.22	0.47	0.55	0.25	-1.28	-0.88	-1.34
